,freq,score
0,0.727272727272727,0.8421052631578947
1,0.09090909090909091,0.05263157894736842
2,0.09090909090909091,0.05263157894736842
3,0.09090909090909091,0.05263157894736842
