size,proportion_snaps
2,0.44902
4,0.304304
8,0.215562
16,0.15325
